userId,movieId,rating,timestamp
1,17,4.0,944249077
1,25,1.0,944250228
1,29,2.0,943230976
1,30,5.0,944249077
1,32,5.0,943228858
1,34,2.0,943228491
1,36,1.0,944249008
1,80,5.0,944248943
1,110,3.0,943231119
1,111,5.0,944249008
1,161,1.0,943231162
1,166,5.0,943228442
1,176,4.0,944079496
1,223,3.0,944082810
1,232,5.0,943228442
1,260,5.0,943228696
1,302,4.0,944253272
1,306,5.0,944248888
1,307,5.0,944253207
1,322,4.0,944053801
1,345,1.0,944079376
1,356,2.0,943231120
1,527,3.0,943231120
1,541,5.0,943227521
1,562,5.0,944082810
1,593,3.0,944248888
1,608,2.0,944248943
1,645,4.0,944253272
1,800,4.0,944248888
1,835,3.0,944248888
1,838,5.0,943227632
1,908,5.0,944250228
1,909,5.0,944079417
1,912,2.0,943231120
1,915,5.0,944082760
1,916,4.0,944079376
1,923,5.0,944250228
1,926,5.0,944256398
1,927,5.0,944082894
1,933,5.0,944080344
1,971,3.0,944253272
1,1041,5.0,944253134
1,1056,5.0,944253207
1,1060,2.0,944080344
1,1080,1.0,944079496
1,1090,5.0,943231236
1,1094,4.0,943231236
1,1120,1.0,944250121
1,1136,1.0,943228327
1,1150,4.0,944250121
1,1172,3.0,944248943
1,1178,4.0,943231162
1,1183,4.0,944250228
1,1196,5.0,943228696
1,1197,1.0,943228442
1,1199,2.0,943230976
1,1200,5.0,943231236
1,1203,5.0,944248888
1,1204,1.0,943231192
1,1208,5.0,943231192
1,1210,2.0,943228858
1,1211,2.0,943228400
1,1213,5.0,944250121
1,1217,5.0,943231236
1,1221,5.0,944250121
1,1225,4.0,944248888
1,1228,5.0,944253207
1,1233,5.0,943231162
1,1234,5.0,944053948
1,1236,4.0,943228400
1,1242,1.0,943231162
1,1247,5.0,944250182
1,1259,4.0,944082760
1,1262,4.0,943231120
1,1263,5.0,944249008
1,1270,5.0,944082760
1,1272,5.0,943231236
1,1276,3.0,944248943
1,1288,4.0,943228545
1,1296,3.0,944250228
1,1297,5.0,944053949
1,1304,3.0,944053948
1,1357,1.0,944253134
1,1392,4.0,944256398
1,1406,2.0,944253134
1,1653,4.0,943230976
1,1693,5.0,944253134
1,1719,5.0,944249008
1,1721,5.0,944250182
1,1748,5.0,943228697
1,1784,1.0,943228545
1,1810,3.0,944253272
1,1885,4.0,944079496
1,1923,2.0,943228491
1,1939,5.0,943231236
1,1944,2.0,943231120
1,1952,4.0,944253272
1,1960,1.0,943231236
1,1961,1.0,944250182
1,1965,3.0,943228697
1,1968,5.0,944053948
1,2020,5.0,944256398
1,2025,5.0,944249008
1,2028,3.0,943231162
1,2064,3.0,944079376
1,2067,1.0,943231236
1,2109,1.0,944079376
1,2125,4.0,944256398
1,2232,3.0,943228696
1,2243,1.0,944080344
1,2247,5.0,944053801
1,2268,1.0,944248943
1,2312,1.0,944250182
1,2313,5.0,944253207
1,2324,1.0,943228491
1,2329,5.0,944253272
1,2336,5.0,943228606
1,2352,3.0,943228545
1,2396,5.0,943228400
1,2407,1.0,944082810
1,2424,1.0,944079376
1,2502,3.0,944080344
1,2520,5.0,944250228
1,2529,5.0,943230976
1,2599,5.0,943228545
1,2640,5.0,943228697
1,2690,3.0,944079417
1,2712,1.0,944253272
1,2724,1.0,943228545
1,2797,5.0,944053758
1,2882,1.0,943227458
1,2890,4.0,943226916
1,2918,4.0,943228400
1,2944,4.0,943231162
1,2966,1.0,943226846
1,2973,5.0,944079496
1,2985,5.0,943230976
1,2997,4.0,943226846
1,3030,4.0,943228400
1,3078,2.0,943226986
1,3088,3.0,944053949
2,31,5.0,836423902
2,34,5.0,836423429
2,39,5.0,836423445
2,48,5.0,836423886
2,153,3.0,836423237
2,185,5.0,836423308
2,186,5.0,836423602
2,193,3.0,836423902
2,207,5.0,836424010
2,216,4.0,836424027
2,218,5.0,836423984
2,222,5.0,836423998
2,225,5.0,836423429
2,231,2.0,836423266
2,236,4.0,836423512
2,237,5.0,836423935
2,253,1.0,836423308
2,276,4.0,836423921
2,282,5.0,836423512
2,296,1.0,836423202
2,305,3.0,836424027
2,318,5.0,836423266
2,339,5.0,836423284
2,344,1.0,836423237
2,349,3.0,836423237
2,350,5.0,836423624
2,356,5.0,836423469
2,357,4.0,836423870
2,362,5.0,836424125
2,364,5.0,836423445
2,377,4.0,836423602
2,380,5.0,836423202
2,381,5.0,836423984
2,454,4.0,836423445
2,457,5.0,836423308
2,466,3.0,836424079
2,500,5.0,836423677
2,508,5.0,836423970
2,520,4.0,836424091
2,539,5.0,836423870
2,551,4.0,836423921
2,552,4.0,836423998
2,585,4.0,836423959
2,586,3.0,836423886
2,587,5.0,836423870
2,588,5.0,836423237
2,592,4.0,836423201
2,594,5.0,836424079
2,595,5.0,836423266
2,597,5.0,836423886
2,616,5.0,836424109
2,783,5.0,836424241
3,2,3.5,1084485210
3,10,4.0,1084484675
3,11,4.0,1084485789
3,17,5.0,1084485217
3,26,4.0,1084486051
3,48,3.5,1084484418
3,62,5.0,1084486030
3,110,5.0,1084484542
3,141,0.5,1084484791
3,150,5.0,1084484538
3,151,5.0,1084485165
3,153,3.0,1084484623
3,158,3.0,1084484425
3,161,4.0,1084484757
3,168,3.5,1084484387
3,185,3.5,1084484783
3,208,3.0,1084485177
3,231,1.0,1084484689
3,260,4.0,1084484551
3,272,5.0,1084484463
3,316,4.0,1084484637
3,318,4.5,1084484559
3,329,3.0,1084484653
3,337,2.5,1084485173
3,339,4.0,1084484786
3,344,0.5,1084484629
3,349,4.0,1084484618
3,356,4.0,1084484522
3,357,4.0,1084484775
3,364,4.0,1084484658
3,367,2.5,1084484760
3,377,3.5,1084484621
3,380,2.5,1084484567
3,434,3.5,1084484764
3,442,3.0,1084485152
3,454,4.0,1084484768
3,457,4.0,1084484528
3,466,1.0,1084484362
3,480,4.0,1084484525
3,500,3.0,1084484692
3,527,5.0,1084484613
3,534,4.0,1084486058
3,539,4.0,1084484773
3,552,4.0,1084485127
3,588,4.0,1084484610
3,589,3.0,1084484579
3,590,4.5,1084484531
3,592,3.0,1084484535
3,593,1.0,1084484516
3,595,4.0,1084484626
3,596,4.0,1084484437
3,597,3.0,1084484682
3,648,3.5,1084484634
3,708,4.0,1084485136
3,780,4.0,1084484607
3,783,3.5,1084484448
3,784,1.0,1084485145
3,858,4.0,1084484680
3,953,4.0,1084485093
3,1031,4.0,1084484947
3,1073,3.5,1084484809
3,1090,4.0,1084485102
3,1101,4.0,1084485090
3,1196,4.0,1084484646
3,1198,4.5,1084484663
3,1210,4.0,1084484573
3,1270,4.0,1084484666
3,1372,3.5,1084484454
3,1374,4.0,1084485043
3,1375,4.0,1084484472
3,1377,2.5,1084485073
3,1485,4.0,1084484411
3,1544,4.0,1084484396
3,1584,4.0,1084485077
3,1721,4.0,1084485051
3,1873,5.0,1084486040
3,1917,3.0,1084485057
3,1923,2.0,1084485070
3,1957,5.0,1084486061
3,2006,3.5,1084484468
3,2012,3.0,1084484354
3,2100,1.0,1084484935
3,2150,4.0,1084486055
3,2268,4.0,1084484382
3,2353,4.0,1084486027
3,2605,4.0,1084485377
3,2616,2.5,1084485386
3,2617,4.0,1084484413
3,2640,4.0,1084485422
3,2641,4.0,1084485424
3,2642,4.0,1084485425
3,2643,4.0,1084485427
3,2701,3.0,1084485374
3,2747,1.5,1084485382
3,2858,3.0,1084484687
3,2947,4.0,1084485364
3,2948,4.0,1084485357
3,2985,3.0,1084485054
3,3033,3.0,1084485361
3,3034,4.0,1084485355
3,3210,4.0,1084485311
3,3247,4.0,1084485295
3,3248,4.0,1084486164
3,3438,3.0,1084485302
3,3448,4.0,1084485316
3,3578,5.0,1084485534
3,3623,3.0,1084485264
3,3697,3.0,1084485284
3,3698,2.5,1084484939
3,3699,2.5,1084485278
3,3740,2.5,1084485273
3,3753,5.0,1084485506
3,3793,3.0,1084485549
3,3826,3.0,1084485281
3,3980,5.0,1084485537
3,4016,4.0,1084485572
3,4019,5.0,1084485540
3,4022,5.0,1084484427
3,4246,4.0,1084485248
3,4306,3.5,1084484403
3,4447,3.0,1084485224
3,4562,4.0,1084484959
3,4571,2.5,1084485243
3,4700,4.0,1084485642
3,4718,2.0,1084485232
3,4880,4.0,1084485542
3,4886,4.0,1084485188
3,4896,3.0,1084485558
3,4995,4.0,1084485594
3,5060,3.0,1084485066
3,5064,4.5,1084485512
3,5218,4.0,1084485202
3,5299,5.0,1084485581
3,5349,3.0,1084485555
3,5380,5.0,1084486046
3,5816,3.0,1084485561
3,5873,5.0,1084485529
3,5991,4.0,1084485195
3,6333,3.0,1084485564
3,6365,4.0,1084485576
3,6539,3.0,1084485579
3,6565,4.0,1084485544
3,6889,5.0,1084484981
3,7005,1.0,1084485009
3,7143,4.0,1084485499
3,7386,5.0,1084484881
3,7389,0.5,1084484989
9,32,4.0,1139427899
9,47,5.0,1139427377
9,50,4.0,1139427390
9,223,4.5,1139427361
9,293,4.0,1142458727
9,318,4.0,1138474434
9,353,4.5,1138474457
9,471,3.5,1138474137
9,1079,5.0,1142458700
9,1089,4.5,1141842608
9,1090,5.0,1141842613
9,1129,3.5,1139427482
9,1200,4.0,1139427345
9,1215,4.0,1138474154
9,1261,3.5,1138474596
9,1500,4.5,1138474066
9,1639,3.5,1138474089
9,1653,5.0,1141842597
9,1673,4.0,1138474118
9,1748,4.0,1138474176
9,2001,3.5,1138474101
9,2194,4.0,1138474082
9,2329,4.5,1138474146
9,2542,4.5,1138474168
9,2700,3.5,1138474047
9,2843,4.0,1139427844
9,2997,4.5,1139427348
9,3081,4.5,1138474158
9,3265,4.0,1141842689
9,3275,4.0,1139427432
9,3328,5.0,1141842694
9,3448,5.0,1142458670
9,3581,4.0,1138474766
9,3740,4.5,1138474497
9,3897,4.0,1138474042
9,3972,5.0,1141842670
9,4011,5.0,1139427417
9,4034,4.5,1138474079
9,4327,4.0,1141842662
9,4799,5.0,1141842883
9,4963,4.0,1139427985
9,4973,4.5,1138474443
9,4979,4.0,1139427983
9,5009,4.0,1139427278
9,5026,5.0,1141842652
9,5060,4.0,1138474074
9,5294,5.0,1141842865
9,5954,4.5,1138474476
9,6711,5.0,1139427385
9,7981,4.0,1139427712
9,8957,4.0,1139427294
9,8984,4.0,1141842828
9,8985,5.0,1141842835
9,30707,4.5,1139427381
9,30810,5.0,1141842815
9,33672,0.5,1138474267
9,34150,3.5,1141842830
9,38061,4.5,1139427893
13,6,5.0,995949973
13,11,3.0,995950925
13,25,3.0,995950942
13,86,3.0,995950079
13,110,5.0,995949681
13,161,4.0,995949913
13,225,4.0,995950702
13,296,2.0,995949665
13,318,5.0,995949588
13,356,5.0,995949411
13,357,3.0,995950053
13,361,3.0,995949330
13,377,3.0,995949931
13,380,4.0,995951076
13,457,4.0,995949753
13,475,4.0,995950035
13,527,4.0,995949588
13,539,4.0,995949770
13,587,4.0,995950128
13,589,5.0,995949695
13,593,4.0,995949373
13,597,3.0,995951013
13,733,3.0,995950673
13,912,4.0,995950802
13,920,4.0,995950834
13,969,4.0,995950802
13,1036,4.0,995950482
13,1088,4.0,995951091
13,1221,4.0,995949345
13,1233,4.0,995949644
13,1240,4.0,995950482
13,1266,2.0,995949811
13,1270,3.0,995949390
13,1271,3.0,995950053
13,1307,4.0,995950834
13,1343,4.0,995950158
13,1370,4.0,995950128
13,1500,3.0,995949882
13,1608,4.0,995950737
13,1610,4.0,995950498
13,1617,3.0,995949624
13,1625,3.0,995949753
13,1674,3.0,995950565
13,1704,5.0,995949753
13,1721,4.0,995950851
13,1722,3.0,995951186
13,2058,2.0,995950172
13,2231,2.0,995950079
13,2268,5.0,995949882
13,2278,3.0,995950197
13,2359,4.0,995949913
13,2571,2.0,995949811
13,2762,4.0,995950455
13,2858,4.0,995949605
13,3101,4.0,995950603
13,3105,4.0,995949882
13,3147,3.0,995950482
13,3252,4.0,995950143
13,3499,3.0,995949853
13,3512,4.0,995950993
13,3551,4.0,995950530
13,3755,3.0,995950737
13,3836,3.0,995949411
13,4041,5.0,995950866
13,4661,3.0,995950633
15,17,4.5,1289858271
15,18,1.0,1289838723
15,39,3.0,1289858123
15,110,1.5,1289858010
15,147,4.0,1289838841
15,208,0.5,1289857950
15,357,4.5,1289857957
15,367,1.5,1289857804
15,377,3.5,1289857838
15,500,4.0,1289857820
15,587,4.0,1289858046
15,595,1.5,1289857466
15,597,4.0,1289857891
15,780,2.0,1289857674
15,909,4.0,1289857416
15,1032,4.0,1289856888
15,1079,4.5,1289840321
15,1088,4.0,1289856388
15,1270,3.5,1289855873
15,1307,4.5,1289858200
15,1416,1.0,1289838693
15,1527,4.0,1289857924
15,1595,0.5,1289839471
15,1704,5.0,1289857909
15,1721,4.5,1289857632
15,1894,2.0,1289838711
15,1923,3.5,1289858241
15,1961,5.0,1289857688
15,1968,4.5,1289858228
15,2115,2.5,1289858165
15,2161,5.0,1289856520
15,2174,4.0,1289858106
15,2497,3.0,1289839060
15,2683,1.5,1289857705
15,2706,1.0,1289857941
15,2710,1.0,1289858094
15,2762,4.0,1289857721
15,2858,5.0,1289857432
15,2918,4.0,1289856681
15,3079,4.0,1289839359
15,3404,3.5,1289839053
15,3489,4.0,1289838607
15,3897,4.5,1289858173
15,3948,4.0,1289858252
15,3977,3.0,1289858071
15,4246,4.0,1289855761
15,4306,2.0,1289857450
15,4886,1.5,1289857917
15,4973,4.5,1289855573
15,4995,4.5,1289858053
15,5013,4.0,1289838669
15,5349,3.0,1289857828
15,5668,4.0,1289839498
15,5816,1.0,1289858111
15,5970,4.5,1289839127
15,5989,4.0,1289857844
15,6711,4.5,1289857905
15,7153,4.0,1289857605
15,8131,3.0,1289840122
15,8360,1.5,1289857660
15,46578,4.5,1289856975
15,47610,4.5,1289856802
15,55247,5.0,1289857151
15,56171,3.0,1289839271
15,56367,4.5,1289857869
15,56757,3.5,1289838971
15,59725,4.0,1289855781
15,63082,4.0,1289856737
15,63876,5.0,1289857208
15,63992,3.0,1289855744
15,65261,4.5,1289840252
15,66665,5.0,1289856958
15,67267,4.0,1289856995
15,68157,3.5,1289857887
15,68954,4.0,1289838865
15,70862,3.0,1289857110
15,72395,2.5,1289855842
15,72998,3.5,1289856566
15,73017,3.0,1289858217
15,74789,3.0,1289856891
15,79132,4.0,1289840006
15,80969,4.5,1289839939
17,1,4.0,1027305751
17,6,4.0,1027305836
17,25,4.0,1027304779
17,50,5.0,1027305453
17,157,3.0,1027304797
17,260,5.0,1027304830
17,296,5.0,1027305662
17,318,4.0,1027305563
17,480,4.0,1027304819
17,527,5.0,1027305629
17,593,5.0,1027306158
17,750,4.0,1027305696
17,780,4.0,1027305068
17,924,5.0,1027305846
17,1079,4.0,1027305751
17,1136,5.0,1027305867
17,1192,4.0,1027305730
17,1196,5.0,1027305669
17,1197,4.0,1027305629
17,1198,5.0,1027305470
17,1210,5.0,1027305709
17,1262,4.0,1027305563
17,1291,5.0,1027305709
17,1297,5.0,1027304970
17,1393,3.0,1027304903
17,1500,4.0,1027306158
17,1556,2.0,1027304819
17,1580,4.0,1027305020
17,1676,4.0,1027305020
17,1704,5.0,1027305738
17,1753,4.0,1027304819
17,1961,5.0,1027304846
17,1968,4.0,1027305856
17,1997,5.0,1027305856
17,2012,3.0,1027304779
17,2022,5.0,1027306397
17,2028,5.0,1027305720
17,2290,3.0,1027304819
17,2374,3.0,1027305087
17,2402,3.0,1027305136
17,2403,4.0,1027304996
17,2404,3.0,1027305226
17,2571,5.0,1027305650
17,2628,5.0,1027304797
17,2816,2.0,1027305236
17,2858,5.0,1027306158
17,2916,3.0,1027304970
17,2918,5.0,1027305836
17,2987,3.0,1027306246
17,2997,4.0,1027305836
17,3275,5.0,1027304903
17,3510,3.0,1027306338
17,3578,4.0,1027306295
17,3753,4.0,1027371924
17,3826,2.0,1027305147
17,3967,4.0,1027305908
17,3980,4.0,1027305030
17,3994,5.0,1027306364
17,3996,5.0,1027305650
17,4022,5.0,1027304931
17,4034,5.0,1027304903
17,4055,4.0,1027306318
17,4226,5.0,1027304875
17,4239,5.0,1027306354
17,4310,3.0,1027305068
17,4678,3.0,1027305047
17,4874,5.0,1027306345
17,4890,4.0,1027305008
17,4896,4.0,1027304945
17,4901,4.0,1027306364
17,4963,4.0,1027371872
17,4975,4.0,1027304981
17,4993,5.0,1027305720
17,4995,5.0,1027304903
17,5010,4.0,1027304875
17,5025,4.0,1027305087
17,5074,5.0,1027304958
17,5266,4.0,1027305284
17,5349,4.0,1027305284
17,5378,5.0,1027305315
17,5388,5.0,1027305266
17,5418,5.0,1027305284
17,5438,3.0,1027305098
17,5445,5.0,1027305284
17,5459,4.0,1027305333
17,5500,3.0,1027371987
18,32,3.0,1252007331
18,47,4.0,1251999088
18,50,5.0,1251998354
18,147,3.0,1251922424
18,150,2.5,1251922054
18,215,3.0,1251922571
18,260,2.0,1251998568
18,296,4.0,1251998972
18,318,5.0,1251922941
18,345,5.0,1251921638
18,364,5.0,1251998751
18,377,2.5,1251923247
18,527,2.5,1252155701
18,539,3.5,1251923103
18,588,5.0,1251921706
18,589,2.0,1251998719
18,592,4.0,1251922455
18,593,5.0,1251923034
18,595,4.0,1251922527
18,778,5.0,1251998473
18,902,5.0,1251921128
18,910,5.0,1251923168
18,1035,5.0,1251923215
18,1061,3.0,1251921146
18,1073,5.0,1251998798
18,1089,4.0,1251999152
18,1172,5.0,1252007049
18,1193,5.0,1251998892
18,1197,5.0,1251998550
18,1219,5.0,1251999080
18,1230,4.0,1251922000
18,1240,2.0,1251998730
18,1247,5.0,1251999206
18,1258,4.5,1251922966
18,1259,5.0,1251998425
18,1270,5.0,1251922306
18,1291,2.5,1251998545
18,1405,1.0,1251922543
18,1517,3.0,1251922236
18,1527,3.0,1251998818
18,1641,4.5,1251998766
18,1704,3.5,1252007269
18,1732,5.0,1251922716
18,1784,5.0,1251922126
18,1894,0.5,1251917516
18,1923,2.5,1251923369
18,1952,5.0,1252007213
18,1961,5.0,1251998552
18,2011,4.0,1251922310
18,2012,4.0,1251922313
18,2018,5.0,1251922373
18,2028,3.0,1252007485
18,2100,3.0,1251923281
18,2124,4.0,1251921617
18,2161,4.0,1251921123
18,2174,4.0,1251922563
18,2212,5.0,1251998705
18,2324,4.0,1251998440
18,2329,4.0,1251921831
18,2396,3.0,1251922917
18,2467,4.0,1251917545
18,2539,3.5,1251921876
18,2542,3.5,1252007290
18,2683,3.0,1251922239
18,2692,3.0,1251998450
18,2694,2.0,1251922693
18,2706,2.0,1251921839
18,2762,3.5,1251923082
18,2797,5.0,1251922673
18,2858,5.0,1251921814
18,2987,4.0,1251998827
18,3033,5.0,1251923227
18,3083,5.0,1251998540
18,3159,4.5,1251917607
18,3252,4.0,1251917373
18,3392,4.0,1251922952
18,3481,3.0,1251998637
18,3949,5.0,1251922845
18,3967,4.5,1251922752
18,3983,3.5,1251999180
18,4027,4.0,1251998654
18,4226,3.0,1251998889
18,4306,5.0,1251922998
18,4361,5.0,1251923410
18,4681,4.0,1251917771
18,4823,1.0,1251917690
18,4881,4.0,1252006767
18,4886,4.5,1251998619
18,4973,4.0,1251921801
18,5349,4.5,1251923260
18,5377,3.0,1251921554
18,5414,3.0,1251922332
18,5481,3.0,1251922233
18,5945,3.0,1251921564
18,5954,4.0,1251921474
18,6377,5.0,1251998594
18,6793,3.0,1251922559
18,7147,5.0,1251922704
18,7153,3.0,1251998481
18,7361,4.0,1251998361
18,8360,3.0,1251923002
18,8530,3.5,1251998381
18,8636,3.0,1251923263
18,8949,3.5,1251923021
18,8961,4.0,1252007372
18,27803,5.0,1251998387
18,32025,3.0,1252007239
18,33794,3.5,1251922470
18,35836,1.0,1251921502
18,37741,4.5,1252007348
18,38886,4.5,1251923313
18,44555,5.0,1251998868
18,46578,4.0,1251999216
18,48696,3.0,1251917991
18,48738,4.5,1251999019
18,50872,4.0,1251998583
18,51834,3.0,1251922539
18,52722,3.0,1251923265
18,52967,4.0,1251918543
18,52975,3.0,1251998804
18,53956,2.0,1251998743
18,54094,3.5,1251920252
18,54272,3.0,1251923055
18,55276,3.5,1252007548
18,55805,3.5,1251922580
18,55820,4.5,1251998966
18,56367,3.0,1252007283
18,58559,4.5,1251998374
18,59018,3.5,1251998992
18,59315,4.0,1252007279
18,61236,5.0,1251999048
18,63876,2.5,1251998931
18,64575,2.5,1251918244
18,64839,3.5,1251917897
18,66371,4.0,1252007446
18,68358,2.0,1251999036
18,68954,5.0,1251918269
18,69122,4.0,1252007182
20,1,5.0,1553184230
20,32,4.0,1553187324
20,47,4.0,1553187333
20,50,4.5,1553180577
20,110,3.0,1553184216
20,150,3.5,1553180857
20,260,5.0,1553180585
20,296,5.0,1553187334
20,318,5.0,1553180573
20,356,2.0,1553184211
20,364,4.0,1553187328
20,367,5.0,1553188046
20,380,4.0,1553187327
20,457,4.0,1553180850
20,480,5.0,1553187335
20,500,2.0,1553188048
20,527,5.0,1553180723
20,541,4.0,1553181208
20,588,4.0,1553188043
20,589,5.0,1553180722
20,593,5.0,1553181214
20,608,5.0,1553187326
20,750,3.0,1553181314
20,780,4.0,1553187331
20,858,4.5,1553180579
20,903,4.0,1553181310
20,904,5.0,1553181305
20,908,5.0,1553181308
20,911,4.0,1553184374
20,912,5.0,1553181217
20,919,3.0,1553181311
20,1036,5.0,1553180726
20,1079,5.0,1553184262
20,1080,5.0,1553187767
20,1089,3.0,1553188052
20,1136,4.0,1553184260
20,1148,4.0,1553184264
20,1193,5.0,1553181212
20,1196,5.0,1553180587
20,1197,3.0,1553180838
20,1198,5.0,1553184201
20,1203,4.0,1553181301
20,1208,2.0,1553188038
20,1210,5.0,1553180731
20,1213,3.0,1553181303
20,1219,3.0,1553181306
20,1220,5.0,1553184209
20,1221,5.0,1553181207
20,1225,5.0,1553184332
20,1234,5.0,1553184206
20,1240,4.0,1553180790
20,1246,5.0,1553184203
20,1265,5.0,1553180785
20,1270,5.0,1553180792
20,1278,5.0,1553187397
20,1284,4.0,1553184348
20,1291,5.0,1553184202
20,1304,2.0,1553184219
20,1374,1.0,1553184331
20,1387,5.0,1553184367
20,1527,4.0,1553180796
20,1617,5.0,1553187799
20,1663,4.0,1553184343
20,1682,1.0,1553184291
20,1961,3.0,1553184227
20,2011,4.0,1553184244
20,2019,4.0,1553184246
20,2028,5.0,1553184223
20,2115,4.0,1553184222
20,2194,4.0,1553184324
20,2324,5.0,1553184234
20,2571,4.5,1553187403
20,2716,4.0,1553184232
20,2761,4.0,1553184322
20,2762,3.0,1553184284
20,2791,5.0,1553181215
20,2858,4.0,1553184282
20,2947,3.5,1553187401
20,2959,2.5,1553180575
20,3039,5.0,1553184205
20,3114,5.0,1553184265
20,3147,2.0,1553184214
20,3253,2.0,1553184225
20,3408,4.0,1553180801
20,3578,4.0,1553184285
20,3671,5.0,1553184258
20,3751,4.0,1553181176
20,3897,4.0,1553188032
20,3977,2.0,1553181175
20,4002,2.0,1553187773
20,4034,5.0,1553180804
20,4226,4.0,1553184287
20,4306,4.0,1553180745
20,4886,5.0,1553180750
20,4973,3.5,1553180757
20,4993,4.0,1553180740
20,5218,4.0,1553181177
20,5418,4.0,1553181337
20,5952,4.0,1553180743
20,6365,3.5,1553187936
20,6377,4.0,1553180752
20,6539,4.0,1553187932
20,6711,3.0,1553180806
20,6807,4.0,1553187803
20,6874,3.0,1553181331
20,6934,4.0,1553181179
20,7153,4.0,1553180742
20,7361,1.0,1553181335
20,7438,3.0,1553187930
20,8368,4.0,1553187938
20,8961,5.0,1553181327
20,33679,2.0,1553181231
20,33794,4.0,1553187933
20,34405,4.0,1553181241
20,41566,2.0,1553181236
20,44191,2.0,1553187928
20,48516,3.0,1553187927
20,48780,2.0,1553187945
20,49530,4.0,1553181238
20,58559,3.5,1553180581
20,64614,4.0,1553181228
20,68157,2.0,1553180609
20,68954,3.5,1553180601
20,70286,1.0,1553180617
20,72998,4.5,1553180603
20,79132,2.5,1553180600
20,99114,1.0,1553180613
20,115617,4.0,1553184327
20,183837,3.5,1553180634
20,183897,4.0,1553180632
20,187541,4.0,1553181191
20,187593,3.0,1553180764
20,188773,5.0,1553180630
20,189713,3.5,1553184297
20,192385,2.0,1553181342
20,192803,5.0,1553181188
20,193065,2.5,1553180762
20,194448,4.0,1553180622
20,196417,4.0,1553181245
20,200042,4.0,1553180593
22,260,4.0,1572225634
22,316,3.0,1614575253
22,318,5.0,1572225472
22,471,4.0,1583618543
22,551,4.0,1583618449
22,745,5.0,1668909890
22,1036,3.5,1674334081
22,1136,4.5,1582341597
22,1148,5.0,1668909874
22,1196,4.0,1572225607
22,1197,4.5,1581474114
22,1198,4.0,1581474108
22,1203,4.0,1581473905
22,1394,4.5,1583618516
22,1584,4.5,1583618316
22,1732,4.0,1581474165
22,2003,2.5,1581476524
22,2762,3.5,1668895472
22,4027,4.0,1583618521
22,4973,5.0,1579453850
22,4979,4.5,1650330136
22,4993,4.5,1605753144
22,5049,2.5,1622483509
22,5952,4.5,1605753162
22,5989,3.5,1674334117
22,6537,3.0,1575054466
22,6539,4.5,1599000935
22,6936,4.0,1674334105
22,8874,4.0,1579453713
22,26479,3.5,1583038918
22,45722,3.0,1599000984
22,51255,3.5,1588394878
22,52973,2.5,1581474238
22,53125,3.5,1599001028
22,59615,3.0,1583618396
22,68791,2.5,1575054508
22,71520,2.5,1582349668
22,74458,4.0,1588394775
22,79132,4.0,1674334027
22,79293,3.5,1591557168
22,93840,4.5,1668909780
22,111759,3.5,1572234068
22,115149,2.5,1581473857
22,118900,4.0,1592685558
22,120799,3.5,1575054536
22,155509,4.0,1622483544
22,159415,3.0,1581473881
22,177763,3.5,1674334218
22,182823,3.5,1618721258
22,191489,3.5,1614575270
22,197889,4.0,1617162338
22,200838,4.0,1581474048
22,202439,4.5,1650330174
22,205297,2.5,1605760867
22,207313,5.0,1581473934
22,207830,3.5,1575054554
22,210271,2.5,1617155546
22,218867,3.0,1614575299
22,235509,2.5,1611070726
22,247150,3.0,1622483323
22,278420,4.0,1668895485
22,279412,3.5,1668895505
22,280236,4.0,1674334098
23,1,3.0,1570189932
23,260,3.0,1570189097
23,296,4.0,1570189924
23,318,5.0,1570189091
23,356,4.0,1570189920
23,1196,3.0,1570189095
23,1704,4.0,1570189972
23,2028,5.0,1595171076
23,2571,3.5,1570189102
23,2890,4.0,1631525045
23,2959,4.5,1593348211
23,45672,5.0,1614781934
23,58559,4.0,1570189981
23,59315,5.0,1570189992
23,69122,4.5,1592826066
23,72998,4.5,1570190035
23,79132,5.0,1570189954
23,80463,5.0,1570190125
23,80489,5.0,1592738837
23,81932,5.0,1599402638
23,84392,4.5,1596041643
23,85414,4.0,1570190129
23,88744,4.5,1592826096
23,91529,4.0,1570190007
23,93510,4.0,1592826063
23,98961,4.5,1593115464
23,101864,4.5,1570190039
23,106100,4.5,1570190098
23,109487,5.0,1570189974
23,110110,5.0,1612704900
23,111759,5.0,1570189994
23,112183,5.0,1635687207
23,112852,3.5,1570189997
23,113348,4.5,1632150664
23,115210,5.0,1570190092
23,115569,3.5,1570280709
23,115713,4.0,1593115489
23,116797,5.0,1570190003
23,122904,4.0,1570190030
23,122914,4.0,1570189143
23,134130,5.0,1570190074
23,138036,5.0,1615882370
23,138210,5.0,1595694285
23,142488,5.0,1635687186
23,143385,5.0,1598021216
23,148626,5.0,1570190076
23,155288,4.0,1604232085
23,157699,5.0,1598976958
23,158238,4.0,1601488855
23,160980,4.5,1596313542
23,163645,4.5,1595171063
23,164179,5.0,1570190100
23,167544,4.5,1624638843
23,168252,3.0,1570189106
23,176751,5.0,1597245371
23,185029,4.0,1593884398
23,194448,4.0,1570189140
23,197691,5.0,1597269883
23,209595,5.0,1598976929
23,210861,5.0,1618585183
23,213914,4.5,1595167110
23,219444,4.5,1614183386
23,250010,5.0,1637776534
25,20,2.5,1641308708
25,32,4.0,1641309245
25,110,3.5,1641334460
25,173,2.0,1641309493
25,196,3.0,1641309442
25,260,3.5,1641307608
25,292,3.0,1641309343
25,296,4.0,1641307729
25,318,3.5,1641307097
25,379,2.5,1641309435
25,420,3.0,1641308549
25,442,3.0,1641309403
25,457,3.5,1641334437
25,480,3.5,1641309273
25,517,3.0,1641308742
25,541,4.5,1641309253
25,589,3.5,1641309165
25,1090,4.0,1641308512
25,1100,3.0,1641308645
25,1198,3.5,1641307545
25,1200,4.0,1641308899
25,1222,4.0,1641307857
25,1240,4.0,1641309159
25,1265,4.0,1641334385
25,1270,3.5,1641307573
25,1291,3.5,1641307556
25,1356,4.0,1641308331
25,1370,3.5,1641308340
25,1373,3.5,1641308632
25,1375,3.5,1641308634
25,1376,3.5,1641308606
25,1610,4.0,1641334485
25,1690,4.0,1641309416
25,1704,3.5,1641307134
25,1876,3.0,1641309439
25,1917,3.0,1641309465
25,2002,3.0,1641308519
25,2011,3.0,1641309224
25,2012,3.0,1641309315
25,2470,3.0,1641308370
25,2471,3.0,1641308648
25,2571,4.0,1641306925
25,2808,3.0,1641308597
25,2916,3.0,1641309199
25,2959,3.0,1641307887
25,3033,3.5,1641309320
25,3147,3.5,1641307117
25,3448,4.0,1641308320
25,3527,3.0,1641309232
25,3578,4.0,1641334315
25,3698,3.0,1641309326
25,4085,3.0,1641308358
25,4200,2.0,1641309083
25,4226,3.5,1641307844
25,4613,2.5,1641308728
25,4614,2.0,1641309087
25,4673,3.0,1641308613
25,4993,4.0,1641307585
25,5027,3.0,1641308656
25,5049,3.0,1641308546
25,5418,4.0,1641334470
25,5459,3.0,1641308912
25,5944,3.5,1641308554
25,5952,4.0,1641306999
25,6365,4.0,1641309311
25,6377,3.5,1641309539
25,6812,3.0,1641308689
25,6874,4.0,1641307691
25,6934,3.5,1641307235
25,6979,3.0,1641308527
25,7007,3.5,1641308617
25,7016,2.0,1641309098
25,7017,2.5,1641308720
25,7153,4.0,1641307203
25,7438,4.0,1641307702
25,8623,3.0,1641308625
25,8644,3.5,1641309285
25,30707,3.0,1641307173
25,30793,2.5,1641307280
25,50872,3.0,1641308985
25,60069,4.0,1641307782
25,99114,4.0,1641307756
25,108945,2.5,1641309455
25,120799,3.0,1641309451
25,134130,4.0,1641307799
25,135569,3.0,1641309205
25,194448,3.0,1641307153
27,3578,4.0,1481038416
27,3623,3.5,1481038652
27,3755,3.0,1481038935
27,3996,4.0,1481038478
27,4025,3.0,1481038955
27,4226,2.0,1481038429
27,4246,4.0,1481038823
27,4270,2.5,1481039174
27,4638,3.0,1481039301
27,4643,3.0,1481039099
27,4848,4.0,1481038985
27,4896,3.5,1481038573
27,4963,4.0,1481038492
27,4993,5.0,1481038321
27,5010,3.0,1481038915
27,5349,4.0,1481038517
27,5378,4.0,1481038632
27,5418,4.5,1481038539
27,5445,3.0,1481038467
27,5464,3.5,1481039192
27,5481,3.5,1481039080
27,5816,3.5,1481038695
27,5952,4.5,1481038407
27,5956,4.0,1481039245
27,6365,4.0,1481038600
27,6537,3.5,1481039036
27,6874,4.5,1481038448
27,6934,4.0,1481038780
27,6942,3.5,1481038978
27,7153,4.5,1481038390
27,7438,4.5,1481038546
27,7458,4.0,1481039275
27,8368,4.0,1481038710
27,8636,3.5,1481038671
27,8644,3.5,1481038842
27,8665,4.5,1481038720
27,8984,4.0,1481039316
27,30707,3.0,1481038906
27,32587,4.0,1481038614
27,33493,4.5,1481038756
27,33794,4.5,1481038533
27,34405,3.0,1481039049
27,40815,4.0,1481038816
27,41566,3.0,1481039117
27,48385,3.5,1481039005
27,49272,4.5,1481038728
27,51255,4.0,1481038997
27,51662,3.0,1481038790
27,54001,4.0,1481039147
27,54286,4.5,1481038735
27,55820,2.5,1481038836
27,58559,4.0,1481038503
27,59369,4.0,1481039282
27,64614,3.0,1481039064
27,68157,3.0,1481038742
27,68358,4.0,1481038894
27,69844,4.0,1481039208
27,81591,3.0,1481039134
27,81834,4.5,1481039229
27,88125,4.5,1481039259
27,91529,4.0,1481038887
27,99114,3.5,1481038854
29,4,2.0,845056440
29,6,3.0,845056254
29,10,3.0,845055975
29,14,3.0,845056454
29,17,4.0,845056111
29,18,3.0,845057432
29,20,2.0,845056471
29,21,3.0,845056038
29,24,2.0,845056471
29,25,4.0,845056182
29,31,3.0,845056306
29,32,3.0,845056057
29,36,5.0,845056254
29,39,3.0,845056057
29,43,3.0,845057463
29,45,4.0,845056353
29,50,3.0,845056078
29,52,3.0,845056471
29,85,4.0,845056745
29,95,2.0,845056111
29,101,5.0,845056968
29,110,3.0,845055975
29,144,4.0,845056644
29,145,3.0,845056317
29,147,2.0,845056783
29,149,4.0,845057463
29,150,3.0,845055863
29,151,5.0,845056182
29,153,3.0,845055887
29,155,3.0,845057405
29,159,3.0,845056762
29,160,1.0,845056090
29,161,3.0,845055949
29,162,4.0,845056565
29,165,3.0,845055886
29,168,1.0,845056182
29,172,2.0,845056235
29,173,1.0,845056090
29,175,4.0,845056762
29,178,3.0,845056820
29,180,5.0,845056762
29,186,1.0,845056182
29,194,3.0,845056454
29,198,3.0,845056479
29,204,2.0,845056153
29,208,3.0,845055949
29,222,3.0,845056432
29,223,5.0,845056306
29,225,3.0,845056038
29,229,4.0,845056772
29,236,4.0,845056125
29,246,4.0,845056326
29,249,4.0,845056514
29,253,2.0,845055975
29,261,1.0,845056217
29,262,3.0,845056524
29,265,3.0,845056182
29,266,3.0,845056078
29,276,1.0,845056286
29,277,4.0,845056306
29,288,4.0,845055975
29,293,3.0,845056153
29,296,5.0,845055863
29,300,4.0,845056007
29,303,3.0,845056372
29,306,4.0,845056432
29,308,3.0,845056608
29,316,3.0,845055929
29,318,4.0,845055929
29,319,4.0,845056492
29,329,3.0,845055905
29,337,5.0,845056125
29,339,3.0,845055949
29,342,3.0,845056353
29,345,3.0,845056401
29,349,3.0,845055887
29,350,3.0,845056111
29,352,3.0,845056732
29,353,3.0,845056200
29,356,4.0,845055929
29,357,4.0,845056078
29,358,3.0,845056688
29,364,4.0,845055993
29,369,4.0,845057463
29,372,4.0,845056514
29,377,3.0,845055993
29,380,4.0,845055863
29,382,3.0,845056584
29,383,3.0,845056514
29,412,5.0,845056631
29,413,3.0,845056432
29,417,5.0,845056536
29,434,2.0,845055929
29,440,3.0,845056078
29,442,1.0,845056141
29,448,2.0,845056801
29,454,3.0,845055993
29,457,4.0,845055905
29,464,3.0,845056574
29,471,3.0,845056401
29,474,3.0,845056125
29,475,4.0,845056387
29,480,4.0,845055929
29,481,3.0,845056644
29,485,3.0,845056235
29,500,3.0,845056007
29,508,3.0,845056153
29,509,5.0,845056141
29,510,2.0,845057432
29,515,5.0,845056235
29,521,3.0,845056793
29,524,3.0,845056623
29,527,4.0,845056057
29,529,3.0,845056432
29,532,2.0,845056485
29,534,5.0,845056592
29,535,3.0,845056631
29,537,3.0,845056524
29,538,4.0,845056565
29,539,3.0,845056078
29,543,3.0,845056372
29,551,3.0,845056217
29,553,3.0,845056141
29,555,3.0,845056277
29,586,3.0,845056038
29,587,3.0,845056038
29,588,4.0,845055887
29,589,4.0,845055975
29,590,3.0,845055863
29,592,3.0,845055863
29,593,3.0,845055905
29,594,4.0,845056317
29,595,4.0,845055905
29,597,3.0,845056038
29,608,4.0,845056277
29,647,3.0,845056673
29,708,3.0,845056471
29,778,5.0,845056750
29,780,3.0,845056200
29,783,5.0,845056536
29,800,4.0,845057405
29,804,3.0,845056896
29,882,3.0,845057029
29,902,4.0,845057247
29,923,5.0,845057133
29,924,5.0,845057115
29,938,4.0,845057276
29,953,4.0,845057139
29,999,2.0,845057015
29,1103,4.0,845056837
29,1104,3.0,845056863
31,47,5.0,1673768714
31,50,4.0,1673768620
31,296,4.5,1673768317
31,318,5.0,1673767866
31,608,4.5,1673768766
31,750,4.0,1673768704
31,1089,5.0,1673768250
31,1213,5.0,1673768492
31,1682,5.0,1673768427
31,2313,2.5,1673842577
31,2628,0.5,1673843631
31,2997,4.5,1673842606
31,3262,5.0,1673768268
31,3409,3.0,1673842912
31,3676,4.5,1673768280
31,4011,4.5,1673768324
31,4226,5.0,1673842442
31,4306,4.0,1673768117
31,4816,3.0,1673843604
31,4979,4.5,1673768737
31,5291,3.0,1673768139
31,5349,4.0,1673769025
31,5902,5.0,1673768540
31,6936,4.0,1673842841
31,7361,5.0,1673768239
31,8360,4.0,1673842674
31,8636,4.0,1673842667
31,8874,5.0,1673768258
31,8917,4.0,1673842937
31,8961,5.0,1673768396
31,45517,1.0,1673769091
31,51255,4.5,1673768485
31,52722,4.0,1673842833
31,54272,4.0,1673923597
31,55820,3.0,1673768489
31,57669,5.0,1673768417
31,60684,3.5,1673842747
31,62511,5.0,1673768438
31,66097,5.0,1673768718
31,72226,5.0,1673768608
31,76093,4.0,1673768552
31,79132,3.5,1673767936
31,80463,4.5,1673842713
31,95167,2.0,1673769037
31,95510,2.0,1673842918
31,106920,4.0,1673768613
31,108932,5.0,1673768530
31,109374,4.0,1673842716
31,112175,3.0,1673768795
31,112552,5.0,1673768230
31,122918,4.0,1673768592
31,134853,4.5,1673768723
31,139855,2.5,1673842617
31,163134,3.5,1673768187
31,164909,4.0,1673842995
31,168492,2.0,1673768195
31,175303,3.5,1673843225
31,177615,4.0,1673843214
31,201340,4.0,1673923708
31,201646,4.5,1673923590
31,205156,5.0,1673843135
31,212373,5.0,1673842629
31,268642,4.0,1673767975
31,270698,4.0,1673767883
31,272417,5.0,1673767976
31,278446,5.0,1673767964
31,280868,3.5,1673768358
34,1,4.0,1194741818
34,2,3.0,1249809905
34,11,3.5,1249808221
34,150,4.0,1194743603
34,260,3.0,1219476836
34,317,3.0,1249808197
34,318,4.0,1219476825
34,356,4.0,1194741632
34,367,3.0,1219477266
34,380,4.0,1194741556
34,454,4.0,1249807893
34,457,4.0,1219476842
34,468,3.0,1194740982
34,480,4.0,1219476819
34,500,4.0,1194741805
34,527,3.5,1194741627
34,539,3.5,1219477297
34,541,3.5,1194741800
34,586,3.5,1219477374
34,587,4.0,1194743787
34,590,3.5,1194741795
34,592,3.5,1194741615
34,597,3.0,1249809470
34,778,2.5,1249807905
34,780,3.5,1249809424
34,904,4.0,1202605433
34,908,4.0,1202605475
34,912,4.0,1249807876
34,914,4.0,1219474844
34,933,3.5,1194741164
34,934,3.5,1194741234
34,953,4.0,1194742690
34,1035,4.0,1219474919
34,1073,3.0,1194743811
34,1097,4.0,1194742498
34,1185,3.5,1194741096
34,1196,4.5,1202605483
34,1197,3.5,1194742491
34,1198,4.0,1202605399
34,1200,3.5,1194741774
34,1231,4.0,1194740988
34,1265,4.5,1194741536
34,1270,4.0,1194742462
34,1278,4.0,1202605808
34,1291,4.5,1249807861
34,1292,4.0,1194741068
34,1302,4.5,1249808142
34,1376,4.0,1249809645
34,1393,4.0,1249807853
34,1409,3.5,1194741082
34,1580,4.0,1194743774
34,1608,4.0,1194743647
34,1721,3.0,1249809495
34,1923,4.0,1194741764
34,1951,4.0,1219474926
34,1959,4.5,1219474934
34,2174,4.0,1249808034
34,2384,2.5,1194741124
34,2420,3.5,1249808019
34,2468,4.0,1249808396
34,2469,3.5,1194741217
34,2716,4.0,1219477365
34,2746,3.5,1194741010
34,2762,4.0,1194742454
34,2779,3.5,1249808373
34,2791,3.5,1194742620
34,2797,3.5,1194742605
34,2918,4.5,1249807840
34,2968,1.0,1249809623
34,3072,3.5,1194740954
34,3148,1.5,1249808007
34,3247,3.0,1249807997
34,3510,4.5,1194741025
34,3578,2.5,1194743883
34,3699,4.0,1194741198
34,3755,3.0,1194740965
34,4187,4.0,1194741383
34,4306,4.5,1194741735
34,4886,3.5,1194741657
34,4963,3.5,1194744286
34,4992,3.5,1249809788
34,4993,5.0,1194741498
34,4995,4.0,1219474681
34,5218,3.5,1249807965
34,5299,3.5,1194744599
34,5349,4.0,1194742561
34,5418,3.5,1194741843
34,5816,4.0,1249807951
34,5952,5.0,1194741508
34,5989,4.0,1194742532
34,5995,1.5,1249807943
34,6218,3.5,1194744481
34,6297,3.5,1194744514
34,6373,3.0,1249807928
34,6377,3.0,1194741828
34,6539,4.0,1202605771
34,6863,3.5,1194744593
34,6874,1.0,1194741643
34,7147,3.5,1194741823
34,7153,5.0,1194741503
34,7361,3.0,1194741682
34,8360,4.5,1194744465
34,8529,3.0,1194742776
34,8623,4.0,1249808534
34,8636,4.0,1346824858
34,8865,3.5,1249808268
34,8961,4.0,1194742060
34,8972,4.0,1194741870
34,26025,3.5,1255153332
34,26562,4.0,1194741909
34,30707,2.5,1219474832
34,30749,3.0,1194742092
34,30812,3.0,1194742744
34,31374,4.0,1292732192
34,31658,3.5,1346824829
34,31685,4.0,1194744606
34,33004,2.5,1194741316
34,45431,3.5,1194744575
34,45517,3.5,1194744487
34,45668,3.5,1249809801
34,46976,3.5,1194744213
34,54259,3.5,1202605564
34,56367,4.5,1219474721
36,1,3.0,1420839739
36,50,3.5,1420839215
36,110,3.0,1420841024
36,165,2.5,1420840092
36,208,2.5,1420841568
36,293,4.0,1420839465
36,296,4.5,1420839455
36,377,3.0,1420840082
36,480,3.5,1420839773
36,555,4.0,1420840888
36,593,3.5,1420839240
36,608,4.0,1420840084
36,778,4.0,1420839252
36,858,3.5,1420839221
36,924,4.0,1420839810
36,1089,4.5,1420840111
36,1136,4.0,1420839572
36,1193,3.5,1420841387
36,1206,4.0,1420839824
36,1208,4.5,1420841018
36,1213,3.5,1420841327
36,1221,3.0,1420839226
36,1222,4.0,1420840952
36,1270,4.0,1420841784
36,1517,1.0,1420839260
36,1527,3.5,1420840109
36,1617,4.0,1420841264
36,1653,3.5,1420840136
36,1721,3.5,1420839760
36,1732,3.5,1420841149
36,1917,2.0,1420839265
36,2324,4.0,1420841706
36,2571,4.0,1420839435
36,2692,4.0,1420841780
36,2762,3.5,1420839577
36,2858,4.0,1420839546
36,2959,4.5,1420839331
36,3285,3.5,1420840584
36,3535,3.5,1420840381
36,3578,3.5,1420840226
36,4011,4.0,1420840146
36,4022,3.5,1420840255
36,4027,3.5,1420840262
36,4246,3.0,1420840298
36,4306,3.5,1420840224
36,4310,3.0,1420840392
36,4326,4.0,1420841275
36,4896,3.0,1420840270
36,4963,3.5,1420840126
36,4973,3.5,1420839498
36,4975,3.0,1420840388
36,4979,3.5,1420840319
36,4993,3.5,1420839515
36,5349,3.0,1420840252
36,5418,4.0,1420840132
36,5445,3.5,1420840123
36,5669,3.5,1420840301
36,5952,3.0,1420840221
36,5956,2.5,1420840531
36,5989,4.0,1420840273
36,5992,4.0,1420840688
36,5995,4.0,1420839574
36,6281,3.5,1420840620
36,6377,3.5,1420840248
36,6539,4.0,1420840245
36,6711,3.0,1420840476
36,6870,4.0,1420840397
36,6874,4.0,1420840234
36,6952,4.0,1420840451
36,7022,4.0,1420840646
36,7147,4.0,1420840321
36,7153,3.0,1420840229
36,7173,2.5,1420840826
36,7323,3.5,1420840672
36,7438,3.5,1420840141
36,8665,4.0,1420840294
36,8961,3.5,1420840260
36,30793,3.5,1420840414
36,30812,4.0,1420840564
36,32587,4.5,1420840011
36,33004,3.5,1420840557
36,33794,3.0,1420840276
36,37733,4.0,1420840715
36,37741,4.0,1420840745
36,40815,2.5,1420840344
36,41569,3.0,1420840570
36,44191,4.0,1420840482
36,44555,4.0,1420840592
36,48045,4.5,1420839627
36,48516,4.0,1420841371
36,49272,3.5,1420840307
36,49530,3.5,1420840432
36,53322,3.5,1420840717
36,54286,4.0,1420840495
36,55247,4.0,1420840634
36,55820,4.5,1420840338
36,58559,4.0,1420839513
36,59369,4.0,1420840644
36,60069,3.5,1420839970
36,61240,4.0,1420841717
36,61323,4.0,1420840701
36,64614,4.0,1420840546
36,68157,4.0,1420841073
36,68954,4.0,1420840373
36,69134,3.5,1420841730
36,69844,2.5,1420840694
36,70286,4.0,1420840408
36,70342,4.0,1420839959
36,71464,3.5,1420841170
36,72378,3.5,1420841578
36,72998,4.0,1420840347
36,74458,4.0,1420840572
36,78499,4.0,1420839318
36,79132,4.5,1420839502
36,80463,4.0,1420840618
36,81591,4.0,1420840606
36,82459,4.0,1420841185
36,85414,4.0,1420841777
36,88129,4.0,1420840815
36,92259,4.0,1420839473
36,96079,3.5,1420840053
36,96501,3.5,1420841231
36,99114,4.0,1420840719
36,106782,3.0,1420839788
36,112556,4.5,1420839277
39,6,3.0,859534438
39,14,3.0,859534507
39,17,2.0,859534406
39,25,3.0,859534406
39,26,4.0,859534624
39,36,5.0,859534438
39,58,5.0,859534466
39,62,5.0,859534406
39,66,1.0,859534563
39,74,4.0,859534563
39,79,4.0,859534508
39,95,3.0,859534406
39,107,5.0,859534535
39,135,3.0,859534508
39,140,4.0,859534535
39,141,5.0,859534406
39,260,5.0,859534466
39,376,3.0,859534466
39,494,2.0,859534438
39,608,5.0,859534438
39,628,1.0,859534508
39,637,2.0,859534508
39,647,5.0,859534600
39,648,3.0,859534406
39,661,3.0,859534508
39,707,4.0,859534563
39,711,5.0,859534563
39,736,3.0,859534406
39,737,1.0,859534535
39,762,3.0,859534507
39,778,3.0,859534535
39,780,3.0,859534406
39,788,3.0,859534466
39,802,4.0,859534507
39,805,5.0,859534507
39,830,5.0,859534663
39,852,4.0,859534535
39,858,5.0,859534644
39,1006,4.0,859534752
39,1041,5.0,859534735
39,1059,4.0,859534624
39,1073,5.0,859534438
39,1120,1.0,859534717
39,1183,5.0,859534624
39,1210,4.0,859534563
39,1317,3.0,859535035
39,1353,3.0,859534717
39,1356,4.0,859534507
39,1357,5.0,859534717
39,1358,5.0,859534849
39,1367,5.0,859534600
39,1393,5.0,859534581
39,1399,3.0,859534974
39,1411,5.0,859534768
39,1416,4.0,859534717
39,1465,3.0,859535035
39,1487,4.0,859535103
40,16,4.0,940028008
40,17,5.0,940027447
40,110,5.0,940027447
40,150,3.0,940027486
40,194,5.0,940027795
40,213,5.0,940027837
40,265,4.0,940027911
40,296,5.0,940027407
40,306,4.0,940027257
40,307,4.0,940027541
40,345,4.0,940027541
40,475,5.0,940027837
40,501,3.0,940027002
40,509,4.0,940027837
40,527,5.0,940027206
40,562,5.0,940027795
40,593,4.0,940027152
40,608,5.0,940027002
40,713,1.0,940027582
40,800,4.0,940027257
40,858,5.0,940027340
40,866,4.0,940027052
40,902,5.0,940027731
40,908,5.0,940027257
40,909,4.0,940027759
40,912,5.0,940027257
40,919,5.0,940027302
40,920,4.0,940027379
40,923,5.0,940027206
40,946,5.0,940028008
40,953,5.0,940027302
40,971,5.0,940027660
40,994,5.0,940027795
40,1041,4.0,940027379
40,1051,4.0,940028008
40,1060,5.0,940027541
40,1084,4.0,940027582
40,1094,5.0,940027795
40,1095,5.0,940027795
40,1104,4.0,940027340
40,1179,5.0,940027795
40,1183,4.0,940027731
40,1193,4.0,940027052
40,1196,5.0,940027302
40,1203,3.0,940027152
40,1207,4.0,940027109
40,1213,4.0,940027541
40,1221,5.0,940027109
40,1233,5.0,940027002
40,1242,5.0,940027206
40,1244,5.0,940027660
40,1246,2.0,940027697
40,1247,5.0,940027448
40,1250,5.0,940027052
40,1263,4.0,940027002
40,1273,5.0,940027340
40,1276,4.0,940027206
40,1280,4.0,940027837
40,1287,5.0,940027697
40,1299,5.0,940027697
40,1358,4.0,940027152
40,1392,4.0,940027109
40,1393,4.0,940027731
40,1476,4.0,940027911
40,1589,3.0,940027912
40,1594,4.0,940027486
40,1639,4.0,940027486
40,1653,4.0,940027582
40,1673,4.0,940027869
40,1682,4.0,940027660
40,1693,3.0,940028008
40,1719,5.0,940027340
40,1721,5.0,940027257
40,1729,4.0,940027837
40,1784,4.0,940027302
40,1794,4.0,940027152
40,1834,4.0,940027660
40,1840,3.0,940027660
40,1873,4.0,940027206
40,1885,4.0,940027340
40,1914,4.0,940027731
40,1945,5.0,940027448
40,1954,4.0,940027302
40,1959,4.0,940028008
40,1961,4.0,940027052
40,1968,5.0,940027582
40,2000,4.0,940027621
40,2019,5.0,940028008
40,2065,5.0,940028008
40,2166,2.0,940027109
40,2245,3.0,940027448
40,2268,2.0,940027837
40,2282,4.0,940027621
40,2348,4.0,940027257
40,2357,4.0,940027206
40,2420,3.0,940027621
40,2712,4.0,940026734
40,2719,1.0,940026839
40,2723,2.0,940026734
40,2731,5.0,940027002
40,2858,5.0,940026583
43,1,5.0,834322449
43,10,3.0,834322412
43,13,2.0,834324264
43,17,5.0,834322652
43,19,2.0,834322529
43,20,2.0,834323679
43,21,4.0,834322492
43,22,3.0,834322825
43,25,4.0,834322729
43,32,5.0,834322529
43,34,5.0,834322492
43,39,5.0,834322558
43,47,5.0,834322492
43,50,5.0,834322529
43,121,4.0,834324371
43,125,4.0,834323904
43,141,4.0,834322675
43,150,5.0,834322332
43,153,3.0,834322368
43,158,3.0,834322675
43,160,2.0,834322558
43,161,3.0,834322412
43,162,5.0,834323722
43,163,3.0,834322826
43,165,3.0,834322368
43,171,3.0,834324014
43,172,2.0,834322675
43,173,2.0,834322573
43,176,3.0,834324552
43,177,3.0,834323655
43,185,3.0,834322449
43,193,1.0,834322729
43,196,1.0,834322609
43,204,3.0,834322652
43,206,5.0,834324157
43,207,3.0,834322914
43,208,3.0,834322449
43,222,3.0,834322887
43,224,3.0,834322708
43,225,1.0,834322492
43,232,3.0,834323052
43,236,3.0,834322573
43,246,5.0,834322772
43,247,4.0,834323134
43,252,3.0,834322609
43,253,3.0,834322449
43,256,3.0,834322693
43,257,3.0,834322931
43,259,3.0,834323723
43,266,3.0,834322529
43,281,3.0,834322973
43,288,3.0,834322449
43,292,3.0,834322412
43,293,4.0,834322652
43,296,5.0,834322332
43,300,4.0,834322465
43,315,2.0,834322573
43,316,3.0,834322391
43,317,3.0,834322492
43,318,5.0,834322391
43,319,4.0,834323030
43,322,3.0,834324044
43,329,2.0,834322391
43,338,1.0,834323012
43,339,4.0,834322412
43,342,3.0,834322864
43,348,3.0,834322802
43,349,3.0,834322368
43,355,1.0,834322973
43,356,3.0,834322742
43,357,3.0,834322950
43,358,2.0,834324360
43,361,3.0,834324002
43,364,3.0,834322609
43,367,3.0,834322652
43,368,3.0,834323679
43,370,2.0,834323693
43,371,3.0,834323615
43,372,3.0,834323979
43,376,3.0,834323105
43,377,3.0,834322864
43,380,3.0,834322332
43,410,3.0,834322465
43,413,1.0,834322913
43,419,1.0,834323960
43,420,1.0,834322529
43,431,3.0,834322887
43,433,2.0,834324099
43,434,3.0,834322412
43,440,3.0,834322693
43,442,3.0,834322772
43,450,2.0,834324264
43,454,3.0,834322609
43,457,5.0,834322465
43,460,2.0,834324315
43,464,3.0,834324119
43,466,3.0,834323722
43,468,3.0,834322802
43,471,4.0,834323072
43,474,4.0,834323088
43,477,3.0,834322951
43,480,3.0,834322825
43,481,3.0,834324140
43,485,3.0,834323693
43,489,3.0,834324119
43,490,3.0,834324170
43,493,4.0,834324326
43,497,4.0,834323626
43,500,3.0,834322950
43,505,3.0,834324371
43,508,3.0,834323121
43,509,3.0,834322742
43,514,4.0,834323744
43,519,2.0,834324002
43,520,3.0,834323818
43,521,3.0,834324227
43,527,5.0,834322914
43,529,5.0,834323904
43,533,3.0,834324044
43,535,3.0,834324026
43,539,3.0,834323030
43,540,2.0,834323923
43,543,3.0,834323960
43,544,2.0,834324157
43,551,3.0,834322825
43,555,3.0,834322693
43,569,3.0,834324408
43,581,5.0,834324099
43,585,3.0,834322914
43,586,3.0,834323088
43,587,3.0,834323072
43,588,5.0,834322368
43,589,5.0,834322839
43,590,3.0,834322331
43,592,2.0,834322331
43,593,5.0,834322465
43,594,3.0,834323744
43,595,5.0,834322391
43,597,2.0,834323052
43,608,5.0,834322825
43,648,3.0,834323639
43,653,3.0,834324381
43,661,3.0,834323862
43,671,3.0,834324044
43,707,2.0,834324215
43,708,3.0,834323818
43,720,5.0,834323134
43,724,3.0,834324203
43,733,5.0,834324726
43,745,5.0,834324083
